id	name	danger	pack	resource	keywords	description	image
1	魑魅魍魎：舌切り雀	ZAYIN		憤怒 x1 嫉妬 x3			
2	黄金の卵：ガチョウ	ZAYIN		怠惰 x5			
3	懺悔：たった一つの罪と何百もの善	ZAYIN		怠惰 x5 傲慢 x3			
4	低いなきごえ：泣きヒキガエル	ZAYIN		怠惰 x2 憂鬱 x1			
5	Changer MK3：なんでも変えて差し上げます	ZAYIN		憤怒 x2 怠惰 x2 暴食 x4			
6	喪失：欲張りなきこり	ZAYIN		暴食 x4 嫉妬 x1			
7	まやかし：黄金色の林檎	ZAYIN		怠惰 x1 暴食 x4			
8	蝍蛆殺：百足の使徒	ZAYIN		怠惰 x2 傲慢 x2			
9	響き：マンドレイクの棺	ZAYIN		色欲 x1 傲慢 x4			
10	ソーダ：蓋の空いたウェルチアース	ZAYIN	p12	憂鬱 x2 嫉妬 x1			
11	赤く染まった羽：鶴の恩返し	ZAYIN		憤怒 x3 怠惰 x1			
12	幸福：あなたは幸せでなければならない	ZAYIN		憤怒 x2 憂鬱 x2			
13	鬼退治：血迷った鬼殺し	TETH		憤怒 x3 嫉妬 x3			
14	殺害救済：首吊り風船	TETH		憤怒 x2 嫉妬 x4			
15	後悔：捨てられた殺人鬼	TETH		憤怒 x3 傲慢 x2			
16	迫りくる日：終末カレンダー	TETH		憤怒 x3 色欲 x2			
17	火柱：無数の生贄	TETH		憤怒 x3 色欲 x3			
18	一生シチュー：バジリスープク	TETH	p12	色欲 x5			
19	超美味！：タッキーマン	TETH		憤怒 x4			
20	赤眼：母なる蜘蛛	TETH		色欲 x2 暴食 x2			
21	ねばつき：足長妖精	TETH		色欲 x3 傲慢 x2			
22	桃色の欲望：桃色の靴	TETH		憤怒 x1 色欲 x4			
23	にやつき：笑うチェシャ猫	TETH		憤怒 x1 怠惰 x5			
24	願いの石：塔右饒	TETH		怠惰 x2 暴食 x1 憂鬱 x1			
25	まさかり：山の家臣	TETH		怠惰 x3 暴食 x3			
26	ショコラカタブラ：ヘンゼルとグレーテル	TETH		憤怒 x1 色欲 x1 怠惰 x1 暴食 x1 憂鬱 x1 傲慢 x1 嫉妬 x1			
27	たぷつき：妖精紳士	TETH		色欲 x2 暴食 x3			
28	氷の脚：バーバヤーガ	TETH		憂鬱 x4 嫉妬 x2			
29	投げ縄：薔薇の狩人	TETH		色欲 x1 暴食 x4 傲慢 x1			
30	過ぎし日：在りし日の肖像	TETH		怠惰 x3 憂鬱 x3			
31	びりびりどっかん：電球クラゲ	TETH		憂鬱 x3 嫉妬 x2			
32	メラメラ燃えた羽：蒼羽蝶	TETH		憂鬱 x4			
33	彼方の欠片：宇宙の欠片	TETH		色欲 x1 怠惰 x1 傲慢 x1 嫉妬 x1			
34	凶弾：凶弾の射手	TETH		憤怒 x1 傲慢 x3 嫉妬 x2			
35	蓬萊：年老いた釣り人	TETH		憂鬱 x3 傲慢 x3			
36	電気哀鳴：夢見る電気羊	TETH		憤怒 x1 嫉妬 x3			
37	ネジの外れた一撃：お前ぶたれたい？しこたま？	TETH		憤怒 x1 傲慢 x3			
38	呪いの釘：痛がるテディ	TETH		嫉妬 x6			
39	ノイズ：1.76 MHz	TETH		憤怒 x2 怠惰 x1 嫉妬 x3			
40	4本目のマッチの火：マッチガール	HE		憤怒 x3 色欲 x1 怠惰 x1			
41	カポーテ：真鍮の雄牛	HE		憤怒 x3 色欲 x3			
42	紅炎殺：紅炎蛾	HE		憤怒 x5 怠惰 x1			
43	ハーモニー：歌う機械	HE		憤怒 x3 暴食 x3 傲慢 x2			
44	9章 2節：皮膚の予言者	HE		憤怒 x2 色欲 x5			
45	Laetitia：レティシア	HE		色欲 x4 嫉妬 x4			
46	偏った慣性：ゼンマイ装置時間起き上がりこぼし	HE		怠惰 x2 憂鬱 x1 傲慢 x2 嫉妬 x2			
47	瓦礫：石像のマリア	HE		怠惰 x5 憂鬱 x1			
48	狐雨：さすらいの狐	HE		怠惰 x2 暴食 x1 憂鬱 x2 傲慢 x1			
49	クリスマスの悪夢：心地よいベッド	HE	p12	怠惰 x4 暴食 x1 傲慢 x2			
50	紅籍：誰も泣かぬように	HE		色欲 x2 暴食 x1 憂鬱 x2			
51	執行：天の執行官の補佐	HE		怠惰 x4 傲慢 x3			
52	ヘデイク：煙造人間	HE		憤怒 x3 怠惰 x1 傲慢 x2			
53	気配り：茶会で歌う帽子屋	HE		憤怒 x2 暴食 x5 嫉妬 x1			
54	黒い枝：黒檀女王の林檎	HE		暴食 x4 傲慢 x2			
55	提灯：妖精提灯	HE		暴食 x4 傲慢 x2			
56	作り物の翼：木製の天使	HE		暴食 x4 憂鬱 x4			
57	ホリデイ：サンドルフ	HE	p12	色欲 x2 怠惰 x1 憂鬱 x3			
58	沸き立つ腐食：歩く真珠	HE		暴食 x5 憂鬱 x1			
59	厳粛な哀悼：死んだ蝶たちの葬儀	HE		色欲 x1 怠惰 x2 憂鬱 x2 嫉妬 x2			
60	視線：シャーデンフロイデ	HE		憂鬱 x6			
61	水袋：断首魚	HE		憂鬱 x4 嫉妬 x2			
62	AEDD：衝撃ムカデ	HE		暴食 x1 憂鬱 x2 嫉妬 x2			
63	監視画面：累積記録の子供たち	HE		憤怒 x2 傲慢 x3 嫉妬 x3			
64	胸痛：過ぎ去りし日の寝袋	HE		憤怒 x1 色欲 x1 傲慢 x5			
65	次元裂き：道を失った乗客	HE		暴食 x3 傲慢 x2			
66	魔法の消失：かぼちゃの馬車	HE		怠惰 x1 暴食 x3 傲慢 x1 嫉妬 x1			
67	魔法の弾丸：魔弾の射手	HE		憤怒 x1 傲慢 x5 嫉妬 x2			
68	旋律：奏で続けるヴァイオリニスト	HE		憤怒 x3 憂鬱 x2 嫉妬 x3			
69	朽ちた庭園：美を追求した庭師	HE		暴食 x3 憂鬱 x2			
70	紅い傷跡：赤い頭巾の傭兵	WAW		憤怒 x3 傲慢 x3 嫉妬 x3			
71	指定裁判：灼熱公爵	WAW		憤怒 x7 傲慢 x3			
72	高らかな警笛：地獄への急行列車	WAW		憤怒 x3 暴食 x2 嫉妬 x4			
73	茨の花園：薔薇の表示板	WAW		憤怒 x2 色欲 x2 怠惰 x2 暴食 x2 憂鬱 x2 傲慢 x2 嫉妬 x2			
74	空即是色：我、空に至れり	WAW		憤怒 x1 色欲 x3 怠惰 x1 嫉妬 x2			
75	渇望-ミルカラ：四百輪の薔薇	WAW		色欲 x5 暴食 x3 傲慢 x2 嫉妬 x2			
76	軽蔑、畏敬：軽蔑の螺旋	WAW		憤怒 x3 色欲 x4 傲慢 x4 嫉妬 x3			
77	永続：時間アヒル	WAW	p14	色欲 x2 怠惰 x4 傲慢 x3 憂鬱 x2			
78	ホーネット：女王蜂	WAW		怠惰 x7 傲慢 x3			
79	粉砕される過去：蒸気運搬機械	WAW	p14	憤怒 x2 色欲 x2 怠惰 x6 嫉妬 x1			
80	汚血泣涙：応龍	WAW		色欲 x2 暴食 x6 傲慢 x2			
81	ねこかぶり：長靴をはいた猫	WAW		色欲 x5 暴食 x5			
82	悪への道：厄災の狸	WAW		憂鬱 x4 嫉妬 x5			
83	拘束：縛られた王	WAW		憤怒 x1 色欲 x1 怠惰 x4 憂鬱 x4			
84	雪原：冬の日の亡霊	WAW		色欲 x2 憂鬱 x5 嫉妬 x1			
85	ロビンソン・クルーソー：遠い遠い無人島	WAW		暴食 x1 憂鬱 x3 傲慢 x3			
86	クラウン：私を見て笑うピエロ	WAW		色欲 x2 傲慢 x8			
87	蒼い傷跡：大きくて悪くなる狼	WAW		憤怒 x3 色欲 x3 傲慢 x4			
88	粛清：復讐のウサギ	WAW		憤怒 x7 嫉妬 x2			
89	盲目：夢貪る濁流	WAW		憤怒 x2 憂鬱 x3 傲慢 x3 嫉妬 x3			
90	あの日の恐怖：怯え続ける一匹のこやぎ	WAW		色欲 x3 嫉妬 x7			
91	電信柱：路地の番犬	WAW		憤怒 x1 憂鬱 x1 嫉妬 x5			
92	他化自在天：第六天魔王	ALEPH		憤怒 x7 色欲 x2 嫉妬 x3			
93	ミミクリー：何もない	ALEPH		憤怒 x14			
94	ゴールドラッシュ：貪欲の王	ALEPH		色欲 x5 怠惰 x7 暴食 x5			
95	笑い：笑う死体の山	ALEPH		憤怒 x7 暴食 x7			
96	爛漫：堕落したアムルダード	ALEPH		憤怒 x5 暴食 x7 憂鬱 x5			
97	静寂：沈黙の対価	ALEPH		憤怒 x5 暴食 x7			
98	ダ・カーポ：静かなオーケストラ	ALEPH		色欲 x2 怠惰 x4 暴食 x2 憂鬱 x7			
99	結び目：縛る女王	ALEPH		暴食 x2 傲慢 x7 嫉妬 x3			
100	一握りの豆：ジャックのいない豆の木	ALEPH		暴食 x10 傲慢 x5			