id	name	type	pack	affiliation	keywords	hp	san	speed	slash	pierce	blunt	bullets	description	image
1	黒雲会組員の人格	normal	p13			105	48	1d5(1-5)	抵抗	普通	弱点	なし		
2	黒雲会若衆の人格	normal	p11,p13			121	50	2d3(2-6)	抵抗	弱点	普通	なし		
3	剣契殺手 A の人格	normal	p11,p13			114	48	1d7(1-7)	抵抗	弱点	普通	なし		
4	剣契殺手 B の人格	normal	p13			125	50	1d6(1-6)	抵抗	普通	弱点	なし		
5	南部親指ソルダート II の人格	normal	p9,p11			121	58	1d8(1-8)	弱点	普通	抵抗	15		
6	東部親指ソルダート II の人格	normal	p7,p9			125	50	3d2(3-6)	弱点	抵抗	普通	15		
7	人差し指遂行者：【紙片】の人格	normal	p9,p11			120	55	2d3+1(3-7)	抵抗	普通	弱点	なし		
8	中指末弟・末妹の人格	normal	p4,p9,p17			120	50	1d7(1-7)	弱点	普通	抵抗	なし		
9	薬指点描派 スチューデントの人格	normal	p9			108	54	1d8(1-8)	弱点	抵抗	普通	なし		
10	カジノ警備員の人格	normal	p1			115	55	2d2+1(3-5)	弱点	普通	抵抗	なし		
11	ぽんぽん派 構成員の人格	normal	p1			110	50	1d6(1-6)	抵抗	普通	弱点	なし		
12	マリアッチ構成員の人格	normal	p1			100	55	2d3(2-6)	抵抗	弱点	普通	なし		
13	鉄工会組織員の人格	normal	p1			130	47	1d7(1-7)	普通	弱点	抵抗	なし		
14	双鉤海賊団 組員の人格	normal	p4			115	50	1d7(1-7)	抵抗	弱点	普通	なし		
15	ピークォド号航海士の人格	normal	p4			117	57	1d7(1-7)	普通	抵抗	弱点	なし		
16	デッドラビッツ 構成員の人格	normal	p5			125	50	1d3+2(3-5)	抵抗	弱点	普通	なし		
17	20区ユロージヴィ団員の人格	normal	p14			100	46	1d6(1-6)	抵抗	弱点	普通	なし		
18	笑う顔たちの人格	normal				122	48	1d7(1-7)	普通	普通	普通	なし		
19	南部ツヴァイ協会 6課フィクサーの人格	normal				124	48	2d3(2-6)	弱点	普通	抵抗	なし		
20	南部ツヴァイ協会 5課フィクサーの人格	normal				112	54	2d3(2-6)	弱点	普通	抵抗	なし		
21	南部ツヴァイ協会 4課フィクサーの人格	normal				130	45	3d2+1(4-7)	普通	弱点	抵抗	なし		
22	西部ツヴァイ協会 3課フィクサーの人格	normal	p6			122	53	3d2(3-6)	普通	弱点	抵抗	なし		
23	南部シ協会 6課フィクサーの人格	normal				120	45	4d2(4-8)	普通	普通	普通	なし		
24	南部シ協会 5課フィクサーの人格	normal				120	50	1d7(1-7)	抵抗	普通	弱点	なし		
25	南部センク協会 5課フィクサーの人格	normal				120	54	2d3(2-6)	普通	抵抗	弱点	なし		
26	西部センク協会 3課フィクサーの人格	normal	p6			122	53	2d3(2-6)	普通	抵抗	弱点	なし		
27	東部センク協会 3課フィクサーの人格	normal				119	50	3d2+1(4-7)	弱点	抵抗	普通	なし		
28	南部リウ協会 6課フィクサーの人格	normal				115	55	1d6(1-6)	普通	弱点	抵抗	なし		
29	南部リウ協会 5課フィクサーの人格	normal				120	50	1d6(1-6)	普通	弱点	抵抗	なし		
30	南部リウ協会 4課フィクサーの人格	normal				120	50	3d2(3-6)	抵抗	普通	弱点	なし		
31	南部セブン協会 6課フィクサーの人格	normal				112	52	1d8(1-8)	弱点	普通	抵抗	なし		
32	南部セブン協会 5課フィクサーの人格	normal				123	50	1d8(1-8)	弱点	抵抗	普通	なし		
33	南部セブン協会 4課フィクサーの人格	normal				130	45	1d7+1(2-8)	弱点	抵抗	普通	なし		
34	北部ヂェーヴィチ協会 4課フィクサーの人格	normal				130	57	1d3+3(4-6)	普通	抵抗	弱点	なし		
35	南部ディエーチ協会 4課フィクサーの人格	normal				130	50	1d5+2(2-7)	普通	弱点	抵抗	なし		
36	南部ウーフィ協会 4課フィクサーの人格	normal				130	50	1d3+3(4-6)	抵抗	弱点	普通	なし		
37	バラのスパナ工房 A の人格	normal	p3			120	55	1d8(1-8)	抵抗	弱点	普通	なし		
38	バラのスパナ工房 B の人格	normal	p3			120	55	3d2(3-6)	普通	弱点	抵抗	なし		
39	ロジック・アトリエ所属フィクサーの人格	normal				120	55	1d7(1-7)	弱点	抵抗	普通	6		
40	ワザリングハイツバトラーの人格	normal	p5			120	50	1d8(1-8)	普通	抵抗	弱点	なし		
41	エドガー家バトラーの人格	normal	p5			114	55	3d2+1(4-7)	弱点	抵抗	普通	なし		
42	マルチクラック事務所フィクサーの人格	normal	p15			120	54	2d3(2-6)	普通	弱点	抵抗	なし		
43	牙狩事務所フィクサーの人格	normal	p6			125	50	1d4+1(2-5)	普通	弱点	抵抗	なし		
44	炎拳事務所フィクサーの人格	normal	p6			130	45	3d2(3-6)	弱点	普通	抵抗	なし		
45	鈎事務所フィクサーの人格	normal				110	47	1d6+1	普通	抵抗	弱点	なし		
46	旧 G社兵士の人格	normal	p1			110	50	1d6(1-6)	抵抗	弱点	普通	なし		
47	旧 G社部長の人格	normal	p1			120	50	4d2(4-8)	弱点	抵抗	普通	なし		
48	黒獣-卯の人格	normal	p7,p17			122	50	3d2+1(4-7)	抵抗	普通	弱点	なし		
49	黒獣-巳の人格	normal	p7			125	50	2d3+1(3-7)	抵抗	普通	弱点	なし		
50	黒獣-午の人格	normal	p7			130	50	3d2+1(4-7)	抵抗	弱点	普通	なし		
51	黒獣-酉の人格	normal	p7			120	55	1d8(1-8)	抵抗	弱点	普通	なし		
52	シー家私兵の人格	normal	p7			115	50	2d2+1(3-5)	弱点	普通	抵抗	なし		
53	シュエ家私兵の人格	normal	p7			120	46	1d7(1-7)	弱点	普通	抵抗	なし		
54	ワン家呪殺僧の人格	normal	p7			120	50	1d6(1-6)	弱点	普通	抵抗	なし		
55	K社 3級職員の人格	normal	p3,p12			125	45	2d3(2-6)	弱点	抵抗	普通	なし		
56	LCCB係長 A の人格	normal	p16			125	55	1d6+1(2-7)	普通	弱点	抵抗	なし		
57	LCCB係長 B の人格	normal	p16			132	45	2d3(2-6)	普通	弱点	抵抗	13		
58	LCCB係長 C の人格	normal	p16			114	50	2d3(2-6)	普通	抵抗	弱点	7		
59	N社大鎚の人格	normal	p2			130	50	1d4(1-4)	普通	抵抗	弱点	なし		
60	N社中鎚の人格	normal	p2			110	55	1d6(1-6)	抵抗	普通	弱点	なし		
61	N社小鎚の人格	normal	p2			110	50	2d2+1(3-5)	抵抗	普通	弱点	なし		
62	R社第四群ウサギチームの人格	normal				100	50	2d3+1(3-7)	普通	抵抗	弱点	13		
63	R社第四群トナカイチームの人格	normal				115	60	2d3(2-6)	弱点	普通	抵抗	なし		
64	R社第四群サイチームの人格	normal				135	45	1d5(1-5)	抵抗	弱点	普通	なし		
65	T社3級徴収職員の人格	normal	p14			125	50	2d2(2-4)	抵抗	弱点	普通	なし		
66	T社 2級徴収職職員の人格	normal	p14			120	50	1d6(1-6)	抵抗	弱点	普通	なし		
67	W社 2級整理要員の人格	normal	p15			110	50	2d3(2-6)	普通	抵抗	弱点	なし		
68	W社 3級整理要員の人格	normal	p15			120	50	4d2(4-8)	普通	抵抗	弱点	なし		
69	ロボトミーE.G.O:狐雨の人格	normal	p10			130	45	1d7(1-7)	抵抗	普通	弱点	なし		
70	ロボトミーE.G.O:紅籍の人格	normal	p10			120	55	1d6(1-6)	抵抗	普通	弱点	なし		
71	ロボトミーE.G.O:たぷつきの人格	normal	p10			130	40	2d2(2-4)	抵抗	弱点	普通	なし		
72	ロボトミーE.G.O:提灯の人格	normal	p10			125	48	1d5(1-5)	普通	抵抗	弱点	なし		
73	ロボトミーE.G.O:後悔の人格	normal	p10			110	50	1d4+1(2-5)	普通	抵抗	弱点	なし		
74	ロボトミーE.G.O:魔弾の人格	normal	p10			120	50	1d6(1-6)	普通	抵抗	弱点	なし		
75	ロボトミーE.G.O:厳粛な哀悼の人格	normal	p10			112	50	2d3(2-6)	弱点	抵抗	普通	20		
76	ロボトミーE.G.O:涙で研ぎ澄まされた剣の人格	normal	p10			125	50	1d7(1-7)	普通	抵抗	弱点	なし		
77	ロボトミーE.G.O:愛と憎悪の名の下にの人格	normal	p10			110	50	3d2(3-6)	弱点	普通	抵抗	なし		
78	LCE E.G.O:提灯の人格	normal	p16			125	50	1d3+3(4-6)	弱点	普通	抵抗	なし		
79	LCE E.G.O:紅炎殺の人格	normal	p16			129	50	4d2(4-8)	弱点	普通	抵抗	なし		
80	N社 E.G.O:ねばつきの人格	normal				124	55	1d8(1-8)	弱点	抵抗	普通	なし		
81	N社 E.G.O:凶弾の人格	normal				110	55	1d7+1(2-8)	普通	抵抗	弱点	なし		
82	N社 E.G.O:軽蔑、畏敬の人格	normal				120	50	1d6+2(3-8)	普通	普通	普通	なし		
83	群れたハイエナの人格	normal				90	50	1d6+1(2-7)	弱点	普通	抵抗	なし		
84	ニトロ研究所研究員の人格	normal				110	50	2d3(2-6)	弱点	普通	抵抗	なし		
85	白蓮 3流清掃員の人格	normal				110	60	1d6(1-6)	普通	弱点	抵抗	なし		
86	白蓮 2流清掃員の人格	normal				120	50	1d6(1-6)	普通	弱点	抵抗	なし		
87	鉄腕兄弟構成員の人格	normal				120	55	1d5(1-5)	抵抗	普通	弱点	なし		
88	湯の花運送会社員の人格	normal				120	50	1d7(1-7)	抵抗	弱点	普通	なし		
89	ストレングス 処刑者の人格	normal				130	45	4d2(4-8)	抵抗	普通	弱点	なし		
90	棒派構成員の人格	normal				107	53	1d7(1-7)	普通	弱点	抵抗	なし		
91	ガラスの靴団団員の人格	normal				118	57	1d7(1-7)	普通	抵抗	弱点	なし		
92	ヴィリーブ工房フィクサーAの人格	normal				123	49	3d2(3-6)	弱点	普通	抵抗	なし		
93	ヴィリーブ工房フィクサーBの人格	normal				125	50	2d3+1(3-7)	普通	弱点	抵抗	なし		
94	ジャーマ工房フィクサーの人格	normal				110	50	1d6(1-6)	抵抗	普通	弱点	なし		
95	第四銀工房銃鎚派フィクサーの人格	normal				127	48	1d7(1-7)	弱点	普通	抵抗	6		
96	第四銀工房太刀派フィクサーの人格	normal				122	54	1d5(1-5)	抵抗	弱点	普通	なし		
97	第四銀工房弓派フィクサーの人格	normal				125	50	2d3(2-6)	普通	抵抗	弱点	6		
98	第四銀工房輪刃派フィクサーの人格	normal				120	50	1d8(1-8)	抵抗	普通	弱点	なし		
99	メリアニア工房フィクサーの人格	normal				110	50	4d2(4-8)	弱点	普通	抵抗	なし		
100	メメメメメ工房フィクサーの人格	normal				120	50	1d6(1-6)	普通	弱点	抵抗	なし		
101	ダンダダダダ工房所属フィクサーの人格	normal				120	50	1d8(1-8)	弱点	抵抗	普通	10		
102	針金工房フィクサーの人格	normal	test			110	50	3d2+1(4-7)	抵抗	普通	弱点	なし		No.102.webp
103	ボルトット工房フィクサーの人格	normal				108	53	1d2+2(3-4)	弱点	普通	抵抗	なし		
104	マッチロック工房フィクサーの人格	normal				128	47	1d7(1-7)	普通	抵抗	弱点	1		
105	美味しいですねカルボナーラ工房フィクサーの人格	normal				130	58	1d8(1-8)	弱点	普通	抵抗	なし		
106	笛吹きの音楽隊の人格	normal				128	52	3d2+1(4-7)	弱点	普通	抵抗	なし		
107	ディアマン・ノワール構成員の人格	normal				119	56	2d3(2-6)	抵抗	普通	弱点	なし		
108	ク事務所フィクサーの人格	normal				126	49	1d8(1-8)	抵抗	弱点	普通	なし		
109	鬼門事務所フィクサーの人格	normal				124	50	1d5+2(3-7)	弱点	普通	抵抗	なし		
110	触腕事務所フィクサーの人格	normal				109	52	3d2(3-6)	弱点	普通	抵抗	なし		
111	黒雲会 若衆Bの人格	normal	p13			110	50	3d2(3-6)	抵抗	普通	弱点	なし		
112	黒雲会 若衆Cの人格	normal	p13			100	50	1d7(1-7)	抵抗	普通	弱点	なし		
113	双鉤海賊団 組員Bの人格	normal	p4			100	60	1d7(1-7)	抵抗	弱点	普通	なし		
114	双鉤海賊団 組員Cの人格	normal	p4			120	45	3d2(3-6)	抵抗	弱点	普通	なし		
115	仕立屋 謝肉祭の人格	normal	p11			110	50	4d2(4-8)	普通	抵抗	弱点	なし		
116	鉄の兄弟の人格	normal	p11			115	50	2d3(2-6)	抵抗	普通	弱点	なし		
117	歯車の教団信者の人格	normal	p11			100	55	2d2(2-4)	普通	弱点	抵抗	なし		
118	中指 末弟・末妹Bの人格	normal	p4,p9,p17			115	50	2d3(2-6)	弱点	普通	抵抗	なし		
119	中指 長弟・長妹の人格	normal	p9,p17			130	45	3d2(3-6)	弱点	普通	抵抗	なし		
120	薬指 点描派 スチューデントBの人格	normal	p9			110	50	2d3(2-6)	普通	抵抗	弱点	なし		
121	薬指 野獣派スチューデントAの人格	normal	p9			110	50	1d7(1-7)	普通	弱点	抵抗	なし		
122	薬指 野獣派スチューデントBの人格	normal	p9			110	50	1d7(1-7)	抵抗	普通	弱点	なし		
123	東部シ協会3課フィクサーの人格	normal				120	50	1d7(1-7)	普通	抵抗	弱点	なし		
124	南部センク協会4課フィクサーの人格	normal				120	45	3d2(3-6)	弱点	普通	抵抗	なし		
125	東部センク協会3課フィクサーBの人格	normal				120	45	3d2(3-6)	弱点	普通	抵抗	なし		
126	南部リウ協会3課フィクサーの人格	normal				120	50	3d2(3-6)	抵抗	普通	弱点	なし		
127	南部ディエーチ協会4課Bの人格	normal				115	50	3d2(3-6)	抵抗	弱点	普通	なし		
128	ホイールズ・インダストリー所属フィクサーの人格	normal				120	50	1d5(1-5)	弱点	普通	抵抗	なし		
129	定事務所フィクサーの人格	normal	p11			110	55	2d3(2-6)	抵抗	弱点	普通	なし		
130	黒獣-未の人格	normal	p7			115	50	3d2+1(4-7)	抵抗	弱点	普通	なし		
131	ロボトミーE.G.O::懺悔の人格	normal	p10			105	55	1d6(1-6)	普通	弱点	抵抗	なし		
132	ロボトミーE.G.O::赤眼の人格	normal	p10			115	50	1d6(1-6)	普通	弱点	抵抗	なし		
133	ロボトミーE.G.O::寂しさの人格	normal	p10			110	55	3d2(3-6)	弱点	抵抗	普通	6		
134	ロボトミーE.G.O::残香の人格	normal	p10			120	50	2d3(2-6)	弱点	抵抗	普通	なし		
135	ロボトミーE.G.O::ホーネット【変調】の人格	normal	p10			115	50	1d7(1-7)	普通	抵抗	弱点	16		
136	LCE E.G.O::AEDDの人格	normal	p16			135	45	2d3(2-6)	抵抗	普通	弱点	なし		
137	LCE E.G.O::次元裂きの人格	normal	p16			110	55	1d8(1-8)	抵抗	普通	弱点	なし		
138	S社チュノックンAの人格	normal				105	50	3d2(3-6)	抵抗	普通	弱点	なし		
139	S社チュノックンBの人格	normal				110	50	3d2(3-6)	抵抗	普通	弱点	なし		
140	W社3級整理要員Bの人格	normal	p15			105	55	1d7(1-7)	抵抗	普通	弱点	なし		
141	W社3級整理要員Cの人格	normal	p15			100	55	1d8(1-8)	弱点	普通	抵抗	なし		
142	W社2級整理要員Bの人格	normal	p15			120	45	3d2(3-6)	弱点	普通	抵抗	なし		
143	送刃事務所フィクサー二対の人格	normal				120	45	2d3(2-6)	普通	抵抗	弱点	なし		
144	スプラッタールーム　B級殺人鬼の人格	normal				110	55	1d3+3(4-6)	抵抗	弱点	普通	なし		
145	命脈相談窓口　受話器の人格	normal				119	44	3d2(3-6)	普通	弱点	抵抗	なし		
146	N社握る者の人格	special	p2	N社 / N社の狂信者		146	53	4d2(4-8)	弱点	抵抗	普通	なし		
147	N社握らんとする者の人格	special	p2	N社 / N社の狂信者		166	50	1d7(1-7)	弱点	普通	抵抗	なし		
148	開花 E.G.O:壇香梅の人格	special	p3	技術開放連合		154	50	1d5+2(3-7)	普通	抵抗	弱点	なし		
149	双鉤海賊団副船長の人格	special	p4	双鉤海賊団		149	55	1d6(1-6)	抵抗	普通	弱点	7		
150	ピークォド号船長の人格	special	p4	ピークォド号		154	53	4d2(4-8)	普通	抵抗	弱点	なし		
151	エドガー家継承者の人格	special	p5	エドガー家		132	59	4d2(4-8)	弱点	抵抗	普通	なし		
152	エドガー家チーフバトラーの人格	special	p5	エドガー家		155	55	4d2(4-8)	弱点	抵抗	普通	なし		
153	ワザリング・ハイツ チーフバトラーの人格	special	p5	ワザリングハイツ		175	47	2d3+1(3-7)	普通	弱点	抵抗	なし		
154	ワザリングハイツ・ワイルドハントの人格	special	p5	ワザリングハイツ		150	60	1d6+2(3-8)	抵抗	普通	弱点	なし		
155	ラ・マンチャランド 理髪師の人格	special	p6	ラ・マンチャランド / 血鬼		152	58	4d2(4-8)	抵抗	普通	弱点	なし		
156	ラ・マンチャランド 神父の人格	special	p6	ラ・マンチャランド / 血鬼		188	49	1d6(1-6)	普通	弱点	抵抗	なし		
157	ラ・マンチャランド 姫の人格	special	p6	ラ・マンチャランド / 姫		160	55	1d8(1-8)	弱点	抵抗	普通	なし		
158	ジア家家主候補の人格	special	p7,p17	ジア家 / H社		150	57	4d2(4-8)	普通	弱点	抵抗	なし		
159	東部親指カポ IIII の人格	special	p7	親指		166	50	1d6(1-6)	普通	普通	普通	6		
160	黒雲会副組長の人格	special	p13	黒雲会		149	50	1d7+1(2-8)	抵抗	弱点	普通	なし		
161	剣契頭目の人格	special	p13	剣契		159	55	2d3+1(3-7)	抵抗	普通	弱点	なし		
162	○○のミートパイ厨房長の人格	special		〇〇のミートパイ		140	59	1d6+1(2-7)	抵抗	弱点	普通	なし		
163	奥歯事務所代表の人格	special	p11	奥歯事務所		149	58	2d2+2(4-6)	抵抗	弱点	普通	なし		
164	終止符事務所代表の人格	special	p11,p12	終止符事務所		149	58	2d2+2(4-6)	普通	抵抗	弱点	18		
165	夜明事務所代表の人格	special		夜明事務所		160	50	3d2+1(4-7)	抵抗	普通	弱点	なし		
166	ピークォド号一等航海士の人格	special	p4	ピークォド号		145	50	2d3	弱点	抵抗	普通	なし		
167	ピークォド号銛使いの人格	special	p4	ピークォド号		180	50	2d3	弱点	抵抗	普通	なし		
168	デッドラビッツ ボスの人格	special	p5	デッドラビッツ		155	50	3d2	普通	弱点	抵抗	なし		
169	落ちぶれたワザリング・ハイツ後継者の人格	special	p5	ワザリングハイツ		180	40	3d2	普通	弱点	抵抗	なし		
170	剣契殺手Cの人格	special	p13	剣契		150	45	2d3	抵抗	普通	弱点	なし		
171	W社4級整理要員-CCAの人格	special	p15	W社		170	48	1d6+1	普通	弱点	抵抗	なし		
172	ラ・マンチャランド 王子の人格	special	p6,p15	ラ・マンチャランド 血鬼		180	45	2d3	抵抗	普通	弱点	なし		
173	夜の錐カピターノの人格	special	p11	夜の錐		160	50	1d7	普通	抵抗	弱点	なし		
174	鴻園 家主の人格	special	p7	H社		200	50	1d7	弱点	抵抗	普通	なし		
175	LCAウアジェト 先鋒三隊隊長の人格	special	p8,p16	リンバスカンパニー LCA		155	60	1d6	抵抗	普通	弱点	16		
176	LCD現場推理チームの人格	special		リンバスカンパニー LCD 剣契		165	50	1d7	抵抗	普通	弱点	なし		
177	LCE主席研究員 ロボトミーE.G.O::ランプの人格	special	p8,p16	リンバスカンパニー LCE E.G.O装備		155	50	1d4	弱点	抵抗	普通	なし		
178	黒獣-卯 筆頭の人格	special	p7,p17	黒獣 黒獣-卯 H社		170	55	3d2	抵抗	普通	弱点	なし		
179	黒獣-酉 筆頭の人格	special	p7	黒獣 黒獣-酉 H社		180	45	1d7+1	抵抗	普通	弱点	なし		
180	黒獣-午 筆頭の人格	special	p7	黒獣 黒獣-午 H社		190	45	1d8	抵抗	普通	弱点	なし		
181	R社第四群 司令官の人格	special		R社 第四群		150	55	1d7+1	抵抗	普通	弱点	なし		
182	バラのスパナ工房 代表の人格	special	p3	バラのスパナ工房		140	60	2d3	抵抗	弱点	普通	なし		
183	20区ユロージヴィ 隊長の人格	special	p14	ユロージヴィ		160	45	2d3	普通	抵抗	弱点	なし		
184	中指末兄・末姉の人格	special	p17	中指		170	55	3d2	弱点	普通	抵抗	なし		
185	薬指野獣派 ドーセントの人格	special		薬指 野獣派		150	50	1d7	普通	弱点	抵抗	なし		
186	蜘蛛の巣 親指の子方の人格	special	p8	蜘蛛の巣 親指		165	50	1d7	抵抗	普通	弱点	なし		
187	蜘蛛の巣 人差し指の子方：端末機の人格	special	p8	蜘蛛の巣 人差し指		145	60	4d2	抵抗	弱点	普通	なし		
188	蜘蛛の巣 中指の子方の人格	special	p8	蜘蛛の巣 中指		160	50	1d7	普通	弱点	抵抗	なし		
189	蜘蛛の巣 薬指の子方の人格	special	p8	蜘蛛の巣 薬指		160	50	1d7	抵抗	普通	弱点	なし		
190	蜘蛛の巣 小指の子方の人格	special	p8,p9	蜘蛛の巣 小指		155	55	3d2	抵抗	弱点	普通	なし		
191	蜘蛛の巣 親指の親方の人格	special	p8	蜘蛛の巣 親指		160	50	4d2	抵抗	普通	弱点	10		
192	蜘蛛の巣 人差し指の親方の人格	special	p8	蜘蛛の巣 人差し指		160	50	1d8	抵抗	弱点	普通	なし		
193	蜘蛛の巣 中指の親方の人格	special	p8	蜘蛛の巣 中指		180	45	1d6	普通	弱点	抵抗	なし		
194	蜘蛛の巣 薬指の親方の人格	special	p8	蜘蛛の巣 薬指		150	50	1d8	抵抗	普通	弱点	なし		
195	奥歯ボートセンターフィクサーの人格	special	p12	奥歯事務所		150	55	2d3+1	弱点	抵抗	普通	なし		
196	奥歯事務所フィクサーAの人格	special	p12	奥歯事務所		130	60	1d6+1	抵抗	弱点	普通	なし		
197	奥歯事務所フィクサーBの人格	special	p12	奥歯事務所		120	55	1d7	抵抗	弱点	普通	なし		
198	夜明事務所フィクサーAの人格	special		夜明事務所		150	50	1d6+1	抵抗	弱点	普通	なし		
199	夜明事務所フィクサーBの人格	special		夜明事務所		145	55	1d6+1	抵抗	弱点	普通	なし		