id	name	description
p1	属せない＆愛することのできない	原作1章&2章に関連する人格がピックアップされています
p2	向き合わない	原作3章に関連する人格がピックアップされています
p3	変わらない	原作4章に関連する人格がピックアップされています
p4	悪に規定される	原作5章に関連する人格がピックアップされています
p5	心の擦れ違う	原作6章に関連する人格がピックアップされています
p6	夢の終わる	原作7章に関連する人格がピックアップされています
p7	眺めることしかできない	原作8章に関連する人格がピックアップされています
p8	断ち切れない	原作9章に関連する人格がピックアップされています
p9	指切りげんまん	五本指に関連する人格がピックアップされています
p10	ロボトミーコーポレーション	Lobotomy Corporationに関連する人格がピックアップされています
p11	本に成った者たちⅠ	Library Of Ruinaに関連する人格がピックアップされています
p12	ヘルズチキン＆う・み・ダ＆20番区の奇跡	原作3.5章&4.5章&5.5章に関連する人格がピックアップされています
p13	肉斬骨断	原作5.5章に関連する人格がピックアップされています
p14	時間殺人時間	原作6.5章に関連する人格がピックアップされています
p15	ワープ特急殺人事件	原作6.5章に関連する人格がピックアップされています
p16	LCB定期検診	原作7.5章に関連する人格がピックアップされています
p17	深夜清掃	原作7.5章に関連する人格がピックアップされています